{
    "loss": 14.607707977294922,
    "accuracy": 0.4313725531101227
}